date_format,epoch_format,zigduino-1:temperature,zigduino-1:humidity,zigduino-2:temperature,zigduino-2:humidity,zigduino-3:temperature,zigduino-3:humidity
2021-08-06 11:00:00,1628247600000.0,26.06610130051435,1.0002607562939845,24.64863516481397,0.9986996099023422,23.855843885842855,15.51909096210034
2021-08-06 12:00:00,1628251200000.0,26.067192774540235,1.0135126051932823,24.5374331173884,1.002882037351742,23.833310401471625,15.265884774939304
2021-08-06 13:00:00,1628254800000.0,26.04647146292753,1.005278255946494,24.478346644058927,1.005406178632065,23.935786555145413,15.056362621982608
2021-08-06 14:00:00,1628258400000.0,26.32878123870727,1.0086831513143188,24.457682273079723,1.0014330753028888,23.967020088941894,14.63561799323145
2021-08-06 15:00:00,1628262000000.0,26.346103534261008,1.002876042612572,24.338352674461273,1.010872059570635,23.997173724062336,13.763855502171825
2021-08-06 16:00:00,1628265600000.0,26.36462992043915,1.0020138090015556,24.312205714599468,1.0147446932776591,24.04464850843038,13.466283993057404
2021-08-06 17:00:00,1628269200000.0,26.31063878783006,1.0104657850769692,24.172641496918295,1.0580200869691594,23.998050464949475,13.486439253212115
2021-08-06 18:00:00,1628272800000.0,26.198302426895648,1.008748201599224,23.83427940615962,1.01078600131672,24.042857170652127,13.555220953842312
2021-08-06 19:00:00,1628276400000.0,26.12295740367834,1.0221518990128238,23.74892598320456,1.0021807748113507,24.04417670573302,13.85513472625461
2021-08-06 20:00:00,1628280000000.0,26.0958180826714,1.0099137932447524,23.382477472872523,0.9996558645366768,23.966274650930366,14.255577826930692
2021-08-06 21:00:00,1628283600000.0,25.990911641971095,1.0142651711699604,23.35847383602526,1.0009750500855557,23.95788567928383,15.041066841714049
2021-08-06 22:00:00,1628287200000.0,25.88564515020591,1.0325661684687584,23.175144046647677,1.0388633758770611,23.853256262802496,15.535753241091582
2021-08-06 23:00:00,1628290800000.0,25.85819303803735,1.021126760726141,22.991824490956994,1.0025243833062638,23.84686061439164,15.774483861999775
2021-08-07 00:00:00,1628294400000.0,25.697525408079297,1.0022733811980529,22.960143215447623,1.0154662842174171,23.71796320582736,15.95078899898009
2021-08-07 01:00:00,1628298000000.0,25.70866436538301,1.0058721933614678,22.82844368653237,1.0014925372159167,23.687805527149347,16.064189750255437
2021-08-07 02:00:00,1628301600000.0,25.736751966838597,1.0037974683895827,22.88297371910826,1.0026965000449208,23.661776934419635,16.20797516762082
2021-08-07 03:00:00,1628305200000.0,25.677186322843248,1.028567319210743,22.795239133208536,1.039489533191326,23.61569782243956,16.219553036974112
2021-08-07 04:00:00,1628308800000.0,25.574086572714567,1.0031061259183796,22.858404383875484,1.0262191628399282,23.53900207473584,16.25930581285648
2021-08-07 05:00:00,1628312400000.0,25.65117846089166,1.0080506039109636,22.806163660430034,1.0137041286744792,23.50008603362118,16.384943687782474
2021-08-07 06:00:00,1628316000000.0,25.62085095444801,1.0335921776519275,23.080986704496794,1.00120447367934,23.486353175355752,16.4906823837429
2021-08-07 07:00:00,1628319600000.0,25.578004367054024,1.001150086273607,23.713077052329446,1.0129624321129453,23.460217666407306,16.831499031670422
2021-08-07 08:00:00,1628323200000.0,25.709490946664666,1.0028472821714893,23.969219622499836,1.008318990268074,23.41350310658096,17.303525974991125
2021-08-07 09:00:00,1628326800000.0,25.701265465914947,1.006269772877493,23.737841812628268,1.0089475193157351,23.506240492364967,17.38427980918687
2021-08-07 10:00:00,1628330400000.0,25.690422785223852,1.0053781995982112,23.558778342609767,1.0069707402306525,23.41892713115179,17.829509744406224
2021-08-07 11:00:00,1628334000000.0,25.63073377348536,1.0060719423199729,23.3241171772545,1.0109899571328458,23.36870302308652,18.44652886480965
2021-08-07 12:00:00,1628337600000.0,25.71289914941897,1.0351830668559883,23.217385869262834,0.9985453508543547,23.419817132354293,18.923324713314024
2021-08-07 13:00:00,1628341200000.0,25.553327290338622,1.0254318892905139,23.02489540651672,0.9989550974418874,23.419013788039102,19.27523975706181
2021-08-07 14:00:00,1628344800000.0,25.56016595882572,1.0024089475039735,23.04446678990666,1.026251072636631,23.35308734150931,19.387989399260647
2021-08-07 15:00:00,1628348400000.0,25.55314877213573,1.0038826575190438,22.98609499975082,1.002121559545022,23.29260247398954,19.279386461054514
2021-08-07 16:00:00,1628352000000.0,25.6044585210956,1.008256616904663,23.07110611948681,0.9991109836894665,23.286545640767066,19.06615058786214
2021-08-07 17:00:00,1628355600000.0,25.501696782501714,1.0065017262145757,23.088353658775727,1.0427710850238459,23.24859544115329,19.364506979327683
2021-08-07 18:00:00,1628359200000.0,25.454672906122436,1.0008628128339137,22.954876708437073,1.0004591103905072,23.33413615913413,19.542197571085296
2021-08-07 19:00:00,1628362800000.0,25.580744144043635,1.011849295541854,22.719219872545253,1.000344233985988,23.239001959211887,19.253943161872797
2021-08-07 20:00:00,1628366400000.0,25.456803739962563,1.0240218645761217,22.57248230035199,1.0233572455697628,23.299154155772783,18.9848250136318
2021-08-07 21:00:00,1628370000000.0,25.292927692648046,0.9999424957377325,22.544909499666847,1.0376936321713701,23.276161445390194,18.76889329437816
2021-08-07 22:00:00,1628373600000.0,25.26827781941653,1.0267759564710068,22.38735263902135,0.9986234585654951,23.167135825019052,18.70837390966391
2021-08-07 23:00:00,1628377200000.0,25.27841864096331,1.0045770567950825,22.315481688919817,0.9993067591099778,23.179804140899403,18.40673223295435
2021-08-08 00:00:00,1628380800000.0,25.11788682967741,1.0113695090636077,22.258997028809905,0.9998567334816586,23.112657950642728,18.019816804724186
2021-08-08 01:00:00,1628384400000.0,25.108665403368825,1.0267431854218287,22.224678556932066,1.0311480106766162,23.07670993613924,17.96818304812277
2021-08-08 02:00:00,1628388000000.0,25.009200262845145,1.0142035654533383,22.144897165101604,1.0023795872576398,23.071138145247787,17.89337904714998
2021-08-08 03:00:00,1628391600000.0,25.011733634670062,1.0023583549430803,22.017670779685076,1.0065404476274107,23.185147850773962,17.658302536864046
2021-08-08 04:00:00,1628395200000.0,24.921213103610263,1.0013169195858143,22.05489300878854,1.0108701854093949,23.00639083905839,17.452924232101985
2021-08-08 05:00:00,1628398800000.0,24.945935527733823,1.0410990274687733,22.115997089098578,1.0108732878481417,22.93462722259966,17.34704511954449
2021-08-08 06:00:00,1628402400000.0,24.869352300779536,1.0035263760818527,22.904459509060047,0.9992851015368904,22.911631520661874,17.35075715229354
2021-08-08 07:00:00,1628406000000.0,24.957967526750053,1.0020319304160006,23.13539274786688,0.9984944991521498,22.885407814485323,17.49004050355877
2021-08-08 08:00:00,1628409600000.0,25.1379375929391,1.0070442784279843,24.45819235313096,1.004274239822393,22.78623402723789,17.52093504573952
2021-08-08 09:00:00,1628413200000.0,25.14134770225044,1.0014396775293994,24.275480979549243,0.9990812518064092,22.790848747861844,17.726964928128563
2021-08-08 10:00:00,1628416800000.0,25.224842211924592,1.002616446274598,24.192501106962553,1.0056798622071983,22.806450096292235,17.607425753676562
2021-08-08 11:00:00,1628420400000.0,25.347930732114857,1.0253666957922287,24.179969133399503,1.0026957267739898,22.795439709487535,15.925810155329748
2021-08-08 12:00:00,1628424000000.0,25.47625067043469,1.0260782061704896,24.11319602445426,1.0222604707892229,22.899884948424155,14.564181241669148
2021-08-08 13:00:00,1628427600000.0,25.93912091823568,1.0022164652007164,24.013683269848716,1.0109868045603483,23.123573863112945,14.29936874039375
2021-08-08 14:00:00,1628431200000.0,25.984639233320692,1.0036887607631146,23.89113666805102,1.009250215413378,23.147531074889944,15.50152259022297
2021-08-08 15:00:00,1628434800000.0,26.10742965311547,1.025186460377564,23.66124185108211,1.0285469111677439,23.2443975183608,15.724671250687386
2021-08-08 16:00:00,1628438400000.0,26.230371003791042,1.0031348864623175,23.555348687025617,1.0130771439012909,23.253713726484573,15.430111841858716
2021-08-08 17:00:00,1628442000000.0,26.195440669117353,1.0058096058887416,23.413048154821634,1.01376541462709,23.298708779783826,15.482535184472415
2021-08-08 18:00:00,1628445600000.0,25.84391721770026,1.0018981880957551,23.434442632821217,1.0368224840588784,23.33024063416665,14.5572124631076
2021-08-08 19:00:00,1628449200000.0,25.899267771768525,1.0167673284041665,22.984632885237353,1.0010321099875032,23.220556870513008,14.206708759616275
2021-08-08 20:00:00,1628452800000.0,25.714754297707938,1.014322691919271,22.81913365404016,1.0139988528215127,23.236992096258046,14.162765401434228
2021-08-08 21:00:00,1628456400000.0,25.577565887532568,1.0035755478894077,22.594738647127507,1.009948246305259,23.139419869351073,14.260379474282333
2021-08-08 22:00:00,1628460000000.0,25.397677635107566,1.0250573398186527,22.586474418367423,1.0133828998660237,23.094509899803732,14.343465757056377
2021-08-08 23:00:00,1628463600000.0,25.3835177858832,1.0106790483222752,22.37460111681528,1.001997105719039,23.113454868396122,14.36166072195327
2021-08-09 00:00:00,1628467200000.0,25.33427874356474,1.0037800687805825,22.26792259711653,1.0323630142063922,22.937824571061196,14.48681130900643
2021-08-09 01:00:00,1628470800000.0,25.23411853008062,1.0040781159362595,22.127129821678885,0.9991109836680998,22.906444773568836,14.522228656748037
2021-08-09 02:00:00,1628474400000.0,25.066207887108874,1.002464889677113,22.09065195217754,1.0081475128943134,22.8668376389335,14.449828353181712
2021-08-09 03:00:00,1628478000000.0,24.981736714996963,1.0036813343757522,21.969707354963067,0.9981353987805541,22.82443290471962,14.445941898793384
2021-08-09 04:00:00,1628481600000.0,24.994365527116557,1.0036217303163328,21.997462401770342,0.9983935743459189,22.790123403619187,14.594151647539313
2021-08-09 05:00:00,1628485200000.0,24.999740490293338,1.0078538550906337,23.30215264899146,1.0109612626187943,22.719937474441746,14.346729725308618
2021-08-09 06:00:00,1628488800000.0,24.895651381551282,1.0105865523624147,25.513804899565812,1.0009697660106764,22.62427317830949,14.31249275196639
2021-08-09 07:00:00,1628492400000.0,24.98345094102818,1.0059305281330724,26.522375269134784,1.00523501260496,22.61846365151592,14.721249705464142
2021-08-09 08:00:00,1628496000000.0,25.178766434777586,1.0010329985721211,26.709192466865563,0.9991408934281181,22.62172959330701,14.708932262828007
2021-08-09 09:00:00,1628499600000.0,25.437642410922432,1.0203784572635675,26.693522892232348,0.9987220447526711,22.738066446767313,15.142886180080188
2021-08-09 10:00:00,1628503200000.0,25.432506711750964,1.015792507444232,26.38945395590245,1.0327586209165982,22.884013301000437,15.156066750575237
2021-08-09 11:00:00,1628506800000.0,25.628004332275214,1.0021221681014836,25.99539854709899,1.0286939127695973,23.04885787560484,15.039639958929218
2021-08-09 12:00:00,1628510400000.0,25.79414840340271,1.0103776305656194,25.745673957811544,1.0156411732182276,23.147083023150238,14.598821508709676
2021-08-09 13:00:00,1628514000000.0,26.21228275731458,1.0094582976174922,25.621135920993122,1.0084024007557528,23.34326896765601,13.855644514711287
2021-08-09 14:00:00,1628517600000.0,26.591812871106594,1.0056788700523485,25.449611515834413,1.0130172416182428,23.513304522393764,12.384482756976423
2021-08-09 15:00:00,1628521200000.0,26.697387263551033,1.0043353431275477,25.14047591865865,0.9999427097774584,23.62805655867399,12.18265109331124
2021-08-09 16:00:00,1628524800000.0,26.665978206551355,1.018072289340433,24.963711638501074,1.0118673149137316,23.72571563775261,12.674084598467061
2021-08-09 17:00:00,1628528400000.0,26.612110533258495,1.0150519032869165,24.70939040602299,1.01409260879346,23.854327362525595,13.211932080308893
2021-08-09 18:00:00,1628532000000.0,26.51261470960132,1.0068965516984463,24.425959445548944,1.013467048667905,23.72596019865107,13.681977165462635
2021-08-09 19:00:00,1628535600000.0,26.219845319773395,1.001091326878442,24.201863508369357,1.0181427345461407,23.656861084233515,13.981781707114594
2021-08-09 20:00:00,1628539200000.0,26.16744060620909,1.0096589282056807,24.01289307805318,1.0282161239600645,23.62881684289652,14.338250388684717
2021-08-09 21:00:00,1628542800000.0,26.167614556129635,1.0214367817573506,23.88742717034226,0.998709862415226,23.551418915079193,14.707222740094618
2021-08-09 22:00:00,1628546400000.0,26.004942005641503,1.0199425288572395,23.680743551951682,0.9975050186697241,23.449612805275496,15.182831871916141
2021-08-09 23:00:00,1628550000000.0,25.878113891189045,1.0108426806225255,23.581520922864698,1.0369010048583043,23.38078540192657,15.510209273635606
2021-08-10 00:00:00,1628553600000.0,25.802418280553734,1.011226252339047,23.39187435278289,0.9996554694434469,23.319063395287433,15.821906315126947
2021-08-10 01:00:00,1628557200000.0,25.653180526252463,1.0043553008006774,23.2750643468237,1.0242926554318392,23.320633726618773,15.910459831599749
2021-08-10 02:00:00,1628560800000.0,25.519884351900743,1.0157348705643536,23.127615389878724,1.0148850576588135,23.229971455979623,15.894482498333373
2021-08-10 03:00:00,1628564400000.0,25.523746132065252,1.011715840888686,23.05071473544226,1.0133790740239546,23.231486454554968,15.96751420892988
2021-08-10 04:00:00,1628568000000.0,25.480304025931904,1.0105232893820808,22.96773198263204,1.0127403158667783,23.23769870842293,16.176656601044044
2021-08-10 05:00:00,1628571600000.0,25.39873093918168,1.0025944075673072,22.9974991507008,1.0021270478541018,23.079310732326288,15.893821901288526
2021-08-10 06:00:00,1628575200000.0,25.551490124212492,1.0072534404558326,23.362960633907225,1.0048871105629977,23.094886095319474,15.59602879851205
2021-08-10 07:00:00,1628578800000.0,25.556152325515573,1.0200690054230268,23.879495555635916,1.0059363350917454,23.091600140300365,16.189506903427457
2021-08-10 08:00:00,1628582400000.0,25.485186931104412,1.0089913545922518,24.782087411600806,0.9994249568803342,23.212336793584754,16.667165129399972
2021-08-10 09:00:00,1628586000000.0,25.561421500949745,1.0160504445138925,25.490911574798435,1.0235495858232986,23.209631764776333,16.874649653198993
2021-08-10 10:00:00,1628589600000.0,25.62250634698081,1.0095429722820422,25.39911111332551,1.0230151908373415,23.30395595469606,17.022849760471136
2021-08-10 11:00:00,1628593200000.0,25.798501579549367,1.0157060521737986,25.539697477187232,1.002873563064241,23.36862940515673,16.863947002067885
2021-08-10 12:00:00,1628596800000.0,26.08142190155308,1.0123853210633227,25.435705685492856,1.017838765304214,23.67595799218729,16.489022429429713
2021-08-10 13:00:00,1628600400000.0,26.50267208001052,1.0025287356869927,25.49879502621626,1.0156446992753227,23.989913949173978,16.119885480984575
2021-08-10 14:00:00,1628604000000.0,26.725877211020553,1.0060954570787402,25.492885693010077,1.0216867472940112,24.25276770613609,16.20745408206905
2021-08-10 15:00:00,1628607600000.0,26.938383420560434,1.0074084751602208,25.323167288841343,1.00612244912008,24.312650610894703,15.87918334119686
2021-08-10 16:00:00,1628611200000.0,26.505228975611633,1.01020057325633,25.08485303193578,1.0241211776513308,24.182909815881757,16.558131140005457
2021-08-10 17:00:00,1628614800000.0,26.26395873726702,1.0029962547348816,24.90565889671389,1.0110887677650346,24.379085869530225,16.611405112078327
2021-08-10 18:00:00,1628618400000.0,26.140527060907253,1.0025508742502953,24.669496841059882,1.0192109777066556,24.424391846004028,16.774078087044906
2021-08-10 19:00:00,1628622000000.0,25.965888136635595,1.0099106884825233,24.381316029569753,1.0170163843062254,24.323929242860377,17.05690892528303
2021-08-10 20:00:00,1628625600000.0,25.851020564855464,1.010232825677057,24.35432668920916,1.0135243555237365,24.266809447647404,17.330122736949708
2021-08-10 21:00:00,1628629200000.0,25.840344573516816,1.0074498568061088,24.048970907330173,1.0060606061636959,24.202144495209943,17.54451127213161
2021-08-10 22:00:00,1628632800000.0,25.795734373077806,1.0010089363143575,24.070268145095625,1.0004025302257533,24.14581826350647,17.799281011473415
2021-08-10 23:00:00,1628636400000.0,25.83770511216849,1.0030416069405321,23.822072032663087,1.0100772975766144,24.091640819153127,17.90417949524712
2021-08-11 00:00:00,1628640000000.0,25.817904958137937,1.003857225149647,23.696497581212505,0.9986218777138921,24.113595616978337,17.966580429537146
2021-08-11 01:00:00,1628643600000.0,25.743054453891162,1.0013779527952955,23.58387124809276,1.0088639553056358,24.014642356455244,18.050154565861984
2021-08-11 02:00:00,1628647200000.0,25.79294658075692,1.0050944475212913,23.60378154359339,1.010648016176869,23.939126646137673,18.12314556886072
2021-08-11 03:00:00,1628650800000.0,25.711347517968594,1.0001150417429021,23.382052317124987,1.000774082475675,23.912958367702064,18.22846913501757
2021-08-11 04:00:00,1628654400000.0,25.752843066899462,1.019682539919926,23.339855402116296,1.002187050152168,23.922113851643296,18.2811219513159
2021-08-11 05:00:00,1628658000000.0,25.752237871468786,1.0040734365018222,23.517291507781014,0.9985685657071003,23.905036791434068,18.06119034968585
2021-08-11 06:00:00,1628661600000.0,25.779488941336187,1.028497558426357,25.085181829682664,1.0052163943490315,23.92561568448742,18.125186344955576
2021-08-11 07:00:00,1628665200000.0,25.992019009337312,1.023846374499521,25.776114336396965,1.0027428572177888,23.896427149635002,19.342269180365445
2021-08-11 08:00:00,1628668800000.0,26.320870562825156,1.001383684079425,25.810953620085602,1.0140270195188246,24.02642897594657,19.786375597586197
2021-08-11 09:00:00,1628672400000.0,26.590280615408485,1.0096903671425075,26.013689684598283,1.0181766221117177,24.04591448538644,20.47065708024161
2021-08-11 10:00:00,1628676000000.0,26.618659893951587,1.0060954570187584,26.264348884907747,1.0140481653853977,24.265395751786887,20.296301704481106
2021-08-11 11:00:00,1628679600000.0,26.273713385892524,1.0174288181805013,26.68382991467594,1.0110091744076222,24.509675467233045,20.653755626000397
2021-08-11 12:00:00,1628683200000.0,26.3198222243916,1.0054007469409159,26.517741424216005,1.010862711294909,24.73967724814605,20.656094017225726
2021-08-11 13:00:00,1628686800000.0,26.24860548787944,1.0092896176526216,26.282530210873755,1.0143144006658682,24.85744609258096,20.043471976708478
2021-08-11 14:00:00,1628690400000.0,26.30910457732938,1.0211754540731157,26.26589061595585,1.0123563220874332,24.941333366146235,20.63848796278692
2021-08-11 15:00:00,1628694000000.0,26.38226548919187,1.0343776951407728,26.528617751516357,1.0259100032735944,25.134161607387963,20.040567602586307
2021-08-11 16:00:00,1628697600000.0,26.491732903199964,1.0267734557339065,26.360245022599557,0.9989155251277636,25.100599794627325,19.064155557656395
2021-08-11 17:00:00,1628701200000.0,26.48748850588135,1.003070301296379,26.044546311229016,1.006727741098561,25.29073675555462,19.124284175116856
2021-08-11 18:00:00,1628704800000.0,26.42519248668355,1.0139135415544491,25.538299262251485,1.0007990866635827,25.31508760237197,18.999000538971096
2021-08-11 19:00:00,1628708400000.0,26.476834106985308,1.003555045924534,25.31224224823836,1.010183066543132,25.144324453483147,19.894623953852275
2021-08-11 20:00:00,1628712000000.0,26.497549687579316,1.013285302574765,25.069982873632554,1.0147786085687196,25.20986546968159,21.020880215052117
2021-08-11 21:00:00,1628715600000.0,26.507823854095445,1.026483233318728,24.836407098721068,1.0316752431101632,25.105544854791276,20.55027142971984
2021-08-11 22:00:00,1628719200000.0,26.469702360780552,1.0206111274653191,24.53491381447891,1.0157758622162643,25.081862884131134,19.880108837973083
2021-08-11 23:00:00,1628722800000.0,26.422734424407572,1.0007477710867256,24.23209998940026,1.0012621915441304,25.03275970200732,19.84793413909632
2021-08-12 00:00:00,1628726400000.0,26.382982920027562,1.00143719463898,24.0397824161406,1.0032674117095493,25.079471365155328,19.585358387692953
2021-08-12 01:00:00,1628730000000.0,26.46773848857937,1.0033898305118991,23.742577619763082,1.0069360848987092,25.008801576194415,19.20774079790903
2021-08-12 02:00:00,1628733600000.0,26.39174981033641,1.0038516815665057,23.456896757033412,1.001519931095153,25.00114634222204,18.788248899639694
2021-08-12 03:00:00,1628737200000.0,26.404207939390684,1.0024705544923167,23.31836668850699,1.0295988542943082,24.884780400528474,18.461708204149687
2021-08-12 04:00:00,1628740800000.0,26.47979254868566,1.010635240144276,23.101420500711278,1.0363636369354101,24.943135189647897,18.235798267485865
2021-08-12 05:00:00,1628744400000.0,26.406426647314078,1.0024783862169606,23.26659961841887,1.0056338027166751,24.860775332067206,17.806839160261482
2021-08-12 06:00:00,1628748000000.0,26.505773734516946,1.0102578798260935,25.30793292469437,1.0113207548430745,24.825957063813426,18.28727841063729
2021-08-12 07:00:00,1628751600000.0,26.32861734013736,1.006195965516636,26.895573449977757,1.0058062662892246,24.83515318497463,19.7277093570991
2021-08-12 08:00:00,1628755200000.0,26.39767909425827,1.018343365181309,27.696085837909152,0.9984571428724698,24.880051055476475,21.051157503272506
2021-08-12 09:00:00,1628758800000.0,26.511101418575475,1.0179065746634408,27.857875273603927,0.9988502443444972,25.03348680799109,21.583486573468416
2021-08-12 10:00:00,1628762400000.0,26.60137499628556,1.0024061873448473,27.816032786204428,1.0064589884126824,25.127257472991943,20.96760015487671
2021-08-12 11:00:00,1628766000000.0,26.840530910592285,1.0107812050973761,27.642512456477803,1.004886461596922,25.229183272152813,20.359545706057425
2021-08-12 12:00:00,1628769600000.0,26.951476043806135,1.0070507309863204,27.483171274014882,1.028714286165578,25.487792990560735,19.898113276360032
2021-08-12 13:00:00,1628773200000.0,27.057340292274557,1.0057109894474336,27.294362817648537,0.9981880932189213,25.73029962550181,16.587000210531354
2021-08-12 14:00:00,1628776800000.0,27.306739923323708,1.0013218390915928,27.027867064119206,1.016055045991179,26.005190752982955,16.90834529494911
2021-08-12 15:00:00,1628780400000.0,27.399136119517863,1.0095910139570725,27.002527153539905,1.011430212649068,26.255241783407488,17.47866149608737
2021-08-12 16:00:00,1628784000000.0,27.554235907315523,1.0041498558622617,26.854283572888498,1.0210465788412808,26.275071385624493,17.032691085797882
2021-08-12 17:00:00,1628787600000.0,27.605587314363877,1.0020630372672163,26.717428578751427,1.0219714283645154,26.241182748846885,17.588339660875658
2021-08-12 18:00:00,1628791200000.0,27.68537777571526,1.0183280669035017,26.485321115685302,1.0120986239266916,26.294524978102107,17.567440741996293
2021-08-12 19:00:00,1628794800000.0,27.55063400519341,1.01066282422467,26.177838715354955,0.9981029031433638,26.346578430036388,18.19060070084991
2021-08-12 20:00:00,1628798400000.0,27.601573475661926,1.0078673786152679,26.068808893479552,1.0130532213452816,26.330413684637215,19.2021856425556
2021-08-12 21:00:00,1628802000000.0,27.672701273801778,1.041936408291912,25.83986247284524,1.0193889208440097,26.29392804445539,19.061771487372262
2021-08-12 22:00:00,1628805600000.0,27.701066897092804,1.0050749710686893,24.581776403222626,1.2678643290245797,26.232582178051427,18.995400842423752
2021-08-12 23:00:00,1628809200000.0,27.655192465598713,1.0021984379718094,24.48546262278418,1.0301701763426154,26.097115226653155,19.121264180625303
2021-08-13 00:00:00,1628812800000.0,27.687657920316493,1.026894374535634,24.036691551011973,10.203348598696193,26.13610598712767,19.31576941746197
2021-08-13 01:00:00,1628816400000.0,27.61993097209848,1.005579522677218,23.9818485107947,31.015314022175794,26.000831823893254,19.54379158851442
2021-08-13 02:00:00,1628820000000.0,27.711869772969045,1.0209737829939154,23.92087672113002,30.98839078141355,25.93742455584491,19.86820906912948
2021-08-13 03:00:00,1628823600000.0,27.62099225465705,1.0094637225256768,24.24633830799391,11.840360414074814,26.021246776415136,20.093223048442766
2021-08-13 04:00:00,1628827200000.0,27.668075917299912,1.0010066149364711,24.431402048341244,1.0311442504246733,25.961284707140916,20.089532792824606
2021-08-13 05:00:00,1628830800000.0,27.751340439079748,1.0175266647612062,25.53132185190274,1.00066091948799,25.938045848863222,19.877040219306945
2021-08-13 06:00:00,1628834400000.0,27.705590595414332,1.00665137595967,27.49812863481733,0.998827901625715,25.99774161383314,20.46952545118032
2021-08-13 07:00:00,1628838000000.0,27.54923828859787,1.0105777521839632,28.298180240049106,1.036707772296173,25.972985477855786,20.42776015210295
2021-08-13 08:00:00,1628841600000.0,27.606484150371223,1.0113256484441868,28.547859991874137,0.9999425452490437,26.158707405849434,21.219396564878267
2021-08-13 09:00:00,1628845200000.0,27.663774997295576,1.0187302500488977,28.750630396006784,1.0262464187377502,26.23104039021637,22.067382910901475
2021-08-13 10:00:00,1628848800000.0,27.770352361667562,1.0013222190353095,28.731992421040903,1.010200573230712,26.36475601196289,22.165444392119575
2021-08-13 11:00:00,1628852400000.0,27.94985641077238,1.0031052329301697,28.48643543619736,1.013880126411162,26.480885191089552,22.270346967819123
2021-08-13 12:00:00,1628856000000.0,28.072948567017836,1.008089500912735,28.27467099215961,0.9981396680321432,26.56348046781543,23.15372067010942
2021-08-13 13:00:00,1628859600000.0,28.282237914606775,1.0160322955400267,28.137626266506903,1.0002874388935306,26.886112415392965,19.65333514737288
2021-08-13 14:00:00,1628863200000.0,28.546676217360464,1.0113956835329962,28.116389358495326,1.0185993111486003,27.207562523375422,16.8239092898013
2021-08-13 15:00:00,1628866800000.0,28.828850384952013,1.005997693116724,27.95697418917244,1.005263157585314,27.51346731915766,15.284535822220047
2021-08-13 16:00:00,1628870400000.0,29.048490300744593,1.0205806269106696,27.839065002691235,1.0067927774205252,27.541803268322703,15.886267295944581
2021-08-13 17:00:00,1628874000000.0,29.03666609751767,1.0028160919617304,27.6741549425617,0.9977077363982242,27.61309740246196,15.931633181694927
2021-08-13 18:00:00,1628877600000.0,28.986843722636735,1.0110060187560093,27.449199339844554,1.0059748428967967,27.428644706549953,16.160577490780952
2021-08-13 19:00:00,1628881200000.0,28.926789092318966,1.0202815285944042,27.141690639301835,0.998567335243553,27.450142039785277,16.900057475865484
2021-08-13 20:00:00,1628884800000.0,28.94201798521476,1.0165417869298876,27.09315896685283,1.0192296639851504,27.405388217097077,17.494510033583634
2021-08-13 21:00:00,1628888400000.0,28.852981757078993,1.006076239508556,26.87276319460584,1.0189482712190334,27.34878478516303,17.68528161099312
2021-08-13 22:00:00,1628892000000.0,28.698328707747226,1.017896253755182,26.69784467927544,1.0219028459759614,27.31925218245764,17.702098267105804
2021-08-13 23:00:00,1628895600000.0,28.67338921768202,1.0187806994351511,26.56874131905658,1.0080092192486088,27.31329276584398,17.761030982716292
2021-08-14 00:00:00,1628899200000.0,28.749842636506784,1.0167668099737646,26.460159753113306,1.0126712331165597,27.128853284060682,17.783332813820337
2021-08-14 01:00:00,1628902800000.0,28.723939217148573,1.0253440370919917,26.326887354442267,1.000572082332977,27.17103957147838,17.783351832723728
2021-08-14 02:00:00,1628906400000.0,28.735821277195164,1.0041498559653244,26.265832969717597,1.000373563178997,27.1094408583367,17.763821323438624
2021-08-14 03:00:00,1628910000000.0,28.623366065831444,1.0370200578753108,26.1492291596617,1.003257142654487,26.999800116504943,17.707828873770577
2021-08-14 04:00:00,1628913600000.0,28.507074900800756,1.0231233825834791,26.081343663409438,1.0272101037820158,27.01917333416769,17.579592841637805
2021-08-14 05:00:00,1628917200000.0,28.555855751380648,1.0148201441336022,27.089153528829215,1.0220946918344567,26.937905097726087,17.2683789574775
2021-08-14 06:00:00,1628920800000.0,28.55787915078957,1.014059349074552,28.891808016336523,1.006151193018856,26.915684802057978,17.087963415472988
2021-08-14 07:00:00,1628924400000.0,28.5537535460913,1.004069934066574,30.04585473383407,0.9983990851549028,26.950757216814416,17.338525364623134
2021-08-14 08:00:00,1628928000000.0,28.51983276822506,1.005892497942721,30.35547587480567,1.006708715666393,26.917459541607066,17.090109040977758
2021-08-14 09:00:00,1628931600000.0,28.52751530135343,1.0251868893877056,30.0914422206649,1.0111238531033517,26.955389877832538,17.796272792127155
2021-08-14 10:00:00,1628935200000.0,28.6042248538665,1.0180511643751904,29.67864133636339,1.0167717890591796,27.112117644808578,17.91359313990005
2021-08-14 11:00:00,1628938800000.0,28.634741157019274,1.0033908046268183,29.31713454491088,1.0181661892073886,27.092863753006636,18.038807939205242
2021-08-14 12:00:00,1628942400000.0,28.825783477359955,1.0173900548875177,29.021983484102545,1.0004585840771074,27.297735426479917,18.066810253938176
2021-08-14 13:00:00,1628946000000.0,28.766369814976997,1.0014384350256076,28.838048298081844,0.9997704447213683,27.39371733506794,17.883419186783055
2021-08-14 14:00:00,1628949600000.0,28.98624081714121,1.0033936650867308,28.685410579560944,1.0060332676735535,27.473498707863524,17.874738966407055
2021-08-14 15:00:00,1628953200000.0,29.098600099237263,1.0019994287431597,28.674281355119845,1.0395328972124707,27.640630686463062,18.038621692499927
2021-08-14 16:00:00,1628956800000.0,29.173664950844884,1.016666666949275,28.679020394838858,0.9992834623442847,27.73189592327273,18.09853827023725
2021-08-14 17:00:00,1628960400000.0,29.14355984318181,1.0017251293375753,28.61545317982315,1.006938073506425,27.80660686354845,18.120270038416628
2021-08-14 18:00:00,1628964000000.0,29.294696760698596,1.0009775733625568,28.338589294036048,1.0069954126962213,27.87305003261074,17.920211934715237
2021-08-14 19:00:00,1628967600000.0,29.416537399973386,1.0117833477487073,28.064214192302998,1.0061511929888738,27.97118308332399,18.09169291271222
2021-08-14 20:00:00,1628971200000.0,29.30319823201643,1.0096903671168749,27.96938220496311,1.0082904517676163,27.950586152342616,18.768372829961955
2021-08-14 21:00:00,1628974800000.0,29.325618597472655,1.0065554917467059,27.781674343362933,1.0149698883790768,27.98319470803786,19.196931710720474
2021-08-14 22:00:00,1628978400000.0,29.315364586549713,1.0086806553144776,27.595387353869768,0.9983954154744873,28.008311789641922,19.499627538928674
2021-08-14 23:00:00,1628982000000.0,29.345457394550937,1.0278130412118942,27.49165714500414,1.0139240508875516,27.897611179969292,19.226676527887797
2021-08-15 00:00:00,1628985600000.0,29.274138426917723,1.0014367816734246,27.413556505049083,1.016451705498079,28.01054530309107,19.032702867470213
2021-08-15 01:00:00,1628989200000.0,29.29455472651509,1.002579535730557,27.24854126604984,1.0001143509614734,27.870682298694085,18.812950109195
2021-08-15 02:00:00,1628992800000.0,29.27330509398628,1.0068955651339202,27.247645102328583,1.0082786183867019,27.905191257506736,18.51295302332553
2021-08-15 03:00:00,1628996400000.0,29.16992884023336,1.0013161659325993,27.058121973332288,0.9992006851406462,27.776455267846824,18.113192598047696
2021-08-15 04:00:00,1629000000000.0,29.287415361568655,1.006946039109156,27.05160284888492,1.0150543790530258,27.768078381237792,17.817205963112922
2021-08-15 05:00:00,1629003600000.0,29.203267541919818,1.0170249357482157,27.81135592611349,1.005921052785876,27.803774106560486,17.229482459858346
2021-08-15 06:00:00,1629007200000.0,29.231876981159022,1.012417361431507,29.657736338653674,0.9990830945592897,27.858545285088987,16.253398370701774
2021-08-15 07:00:00,1629010800000.0,29.227868615123846,1.005263157923879,30.99314826371473,1.01318807362519,27.832324505877605,15.430905964943246
2021-08-15 08:00:00,1629014400000.0,29.08694499844433,1.0030259365693637,31.211082019624985,1.0131072147965396,27.75171175148379,14.28576765943355
2021-08-15 09:00:00,1629018000000.0,29.21632674124536,1.0059633028283375,30.766018979377016,1.0167476424671098,27.70634722886868,14.042309859468297
2021-08-15 10:00:00,1629021600000.0,29.165129688768634,1.0205187323371683,30.347168413514755,0.9981029031433638,27.79698089712855,15.157820566965974
2021-08-15 11:00:00,1629025200000.0,29.19468396943191,1.0027873563697969,30.155001760861634,0.9987962167057687,27.79337661891082,15.458715654841257
2021-08-15 12:00:00,1629028800000.0,29.290418319318487,1.011781609370962,29.9131516022122,0.9988538682161908,27.962062950462187,16.15492859132652
2021-08-15 13:00:00,1629032400000.0,29.549555556826757,1.00796789911491,29.70860738947898,1.0016585643253293,28.168092123540205,16.73663892170878
2021-08-15 14:00:00,1629036000000.0,29.629633344604635,1.0031421159153269,29.68722495404973,1.0025294625654615,28.21227721231569,16.87719913568217
2021-08-15 15:00:00,1629039600000.0,29.588678478203793,1.0091143595340362,29.331895361153798,0.999085453011268,28.30783243033462,17.907975704210564
2021-08-15 16:00:00,1629043200000.0,29.75511697679543,1.005534736158766,28.97047969506163,1.013682092806326,28.42772269989095,20.22210390014736
2021-08-15 17:00:00,1629046800000.0,29.79226387209742,1.008022922704418,28.799199905488177,1.0048585310131184,28.34021091140928,20.751471768586626
2021-08-15 18:00:00,1629050400000.0,29.593272008314568,1.0111558368711242,28.555922220523836,1.0049899626690986,28.420156586631983,21.785767531702817
2021-08-15 19:00:00,1629054000000.0,29.735937942892818,1.0049411088348086,28.37578770984551,1.0185673354946099,28.34863819547081,22.546517628521862
2021-08-15 20:00:00,1629057600000.0,29.650504389631195,1.0059383108365705,28.074073387446436,0.9993676343854044,28.393315794413788,21.830411176360794
2021-08-15 21:00:00,1629061200000.0,29.741134301668865,1.0113434547025404,27.971579539166353,1.0027420737511157,28.316370768002102,20.625114227294922
2021-08-15 22:00:00,1629064800000.0,29.7294709310921,1.0276020704208948,27.95232180902444,1.0364105505697907,28.289273950750726,19.997849204050013
2021-08-15 23:00:00,1629068400000.0,29.66108379847861,1.0091092531921266,27.770413345753152,1.0001150085502415,28.201840747424143,19.833438150494725
2021-08-16 00:00:00,1629072000000.0,29.728176213794466,1.003946989384037,27.82354878132371,1.0401149428695782,28.127824607886403,19.84826055824431
2021-08-16 01:00:00,1629075600000.0,29.638717868678288,1.0089680944136006,27.583330039037477,1.003669724778332,28.06663833043062,19.560045573867882
2021-08-16 02:00:00,1629079200000.0,29.710686763652745,1.0182706121311418,27.49532949374535,1.0305730662407369,27.947434792651183,18.720923072255147
2021-08-16 03:00:00,1629082800000.0,29.718208055955056,1.0310573325363919,27.416062970750634,0.9986494252950638,28.03563768608205,17.795834671454468
2021-08-16 04:00:00,1629086400000.0,29.668677219254082,1.0020161290751761,27.276213050402298,1.001896006957069,27.840401901184826,16.48109197342533
2021-08-16 05:00:00,1629090000000.0,29.825372579037598,1.0088876147728858,27.42777901535274,0.9993426693093951,27.709399946757724,14.78422858101981
2021-08-16 06:00:00,1629093600000.0,29.62839388270033,1.0127990776659537,28.250603214009054,1.0063793104655783,27.47354248859102,13.282552417854907
2021-08-16 07:00:00,1629097200000.0,29.49595825881936,1.0319862429359028,27.917890718781155,1.0222349246124365,27.39099702749228,12.327865108076795
2021-08-16 08:00:00,1629100800000.0,29.431518887415706,1.0272543938539105,26.877061729559916,1.0089629416885613,27.501236191937622,11.264328835441587
2021-08-16 09:00:00,1629104400000.0,29.506715021136113,1.006235891566286,26.941502302734115,0.9988182329970527,27.284384703226955,9.778446857890321
2021-08-16 10:00:00,1629108000000.0,29.53542442724355,1.0071306330047196,27.15260539186496,1.0002845759563441,27.145304663587037,9.731360259555455
2021-08-16 11:00:00,1629111600000.0,29.54334953063454,1.0082734846385586,27.980464238145228,1.0091950730603392,26.972120223585037,8.195272257744753
2021-08-16 12:00:00,1629115200000.0,29.296656819440063,1.0025367541327261,28.022822637673116,1.0292037946674528,27.00126483341715,6.42997986623082
2021-08-16 13:00:00,1629118800000.0,29.47126099865211,1.0161604586294866,27.971585364205495,1.0067142858377525,27.169019865901106,5.401171768519087
2021-08-16 14:00:00,1629122400000.0,29.366753678746335,1.0212618845086454,27.804670283301125,1.0033045974913342,27.06264403178089,6.4925000085227795
2021-08-16 15:00:00,1629126000000.0,29.290919898159203,1.0143678160619805,27.589908639840576,1.0122419725420004,27.204126997880998,6.3925480003999615
2021-08-16 16:00:00,1629129600000.0,29.17107988677444,1.0019241815271356,27.40343814934564,0.9978796561630202,27.308939152050836,6.396045860193435
2021-08-16 17:00:00,1629133200000.0,29.08091123693821,1.0044711952600345,27.20068600497927,1.0027428569367953,27.361045364040276,6.884795655141084
2021-08-16 18:00:00,1629136800000.0,29.249524666850213,1.0040334197938081,26.887585845692403,1.0041379310490413,27.26913804459846,8.632212651666553
2021-08-16 19:00:00,1629140400000.0,28.882343803719007,1.0008598452833806,26.551658509560077,0.998341909680556,27.22665922487716,9.454459756152708
2021-08-16 20:00:00,1629144000000.0,28.99987000127347,1.0061383284134549,26.44408022463322,1.019597701488555,27.14094881662007,9.806408007254547
2021-08-16 21:00:00,1629147600000.0,28.881156393025453,1.016938951217742,26.339621985330112,1.0067467125502227,27.12310810639675,10.301086044679474
2021-08-16 22:00:00,1629151200000.0,28.924013416854404,1.0128279043725052,26.251998118268347,1.005459770234837,27.05063222972141,10.346925280080445
2021-08-16 23:00:00,1629154800000.0,28.89371438999902,1.03399654027964,26.07035676332093,0.9983323749461142,26.922058929476822,9.442853015697239
2021-08-17 00:00:00,1629158400000.0,28.74390746076811,1.017620137553807,25.9988865151325,1.0056237511947228,26.86506352513051,8.814835928170044
2021-08-17 01:00:00,1629162000000.0,28.649111146021873,1.0054472477961365,25.76711458834045,1.0129825567130466,26.662472053850816,8.519822683705344
2021-08-17 02:00:00,1629165600000.0,28.5531875640753,1.0027857552796584,25.683749451750703,1.0382917746410358,26.669050593118005,8.489086227886864
2021-08-17 03:00:00,1629169200000.0,28.57539493569832,1.0025854639171767,25.503167223452156,1.0073925501552217,26.520240929900506,8.185665173097215
2021-08-17 04:00:00,1629172800000.0,28.354859312352538,1.0017251293889882,25.387190955572954,1.0061101549856977,26.4211927215452,8.07702916000783
2021-08-17 05:00:00,1629176400000.0,28.428678494422314,1.0043216943911437,25.46291328946205,1.0090182645875774,26.306991398283472,7.632220373272079
2021-08-17 06:00:00,1629180000000.0,28.39658154060176,1.0121923297703368,25.397602375783876,1.011558219246124,26.306806338874445,7.47091897713131
2021-08-17 07:00:00,1629183600000.0,28.24202074166965,1.0185993113923908,27.321929649538138,1.0173776124878937,26.26289666461767,7.358373887348475
2021-08-17 08:00:00,1629187200000.0,28.22045962591281,1.0211781611430577,27.21659739398792,1.0254800806468523,26.22955008737335,6.781828624850599
2021-08-17 09:00:00,1629190800000.0,28.062922417810107,1.0006876791104204,25.750157051445996,0.9987717795094502,26.130582936895294,6.5279554896192815
2021-08-17 10:00:00,1629194400000.0,28.166110720912695,1.0017246335796255,25.088732896594827,0.9984231651504311,26.0807343868009,5.9435493418382945
2021-08-17 11:00:00,1629198000000.0,28.078017584153123,1.002909824286473,25.211670101806842,1.0134521416460998,26.183137774912662,5.907670216805563
2021-08-17 12:00:00,1629201600000.0,28.200316136321803,1.0043965517532552,26.52638980722359,1.0001719197220993,26.28076785736215,5.161306918128646
2021-08-17 13:00:00,1629205200000.0,28.116556179526896,1.020609370595287,26.388589157868143,0.9995699540857191,26.344338891191175,5.479679026758134
2021-08-17 14:00:00,1629208800000.0,28.04637394528158,1.0035826884921215,26.177308348331426,1.0031437554438478,26.33162257871685,5.296370411437047
2021-08-17 15:00:00,1629212400000.0,28.11791236075675,1.0239792988561158,25.928538373718972,1.0256160462525992,26.20598852436317,4.84515757782753
2021-08-17 16:00:00,1629216000000.0,28.073612877472133,1.0060937051656227,25.80017146277626,1.0133027525387979,26.195183997649117,5.325516102169085
2021-08-17 17:00:00,1629219600000.0,28.163342689643333,1.0093948128244032,25.663524366174236,0.9995688415397752,26.266379432123284,5.246752868267311
2021-08-17 18:00:00,1629223200000.0,28.139667111640332,1.0024362282352892,25.58373858322924,1.0211489000135436,26.21620989135499,5.709033753409803
2021-08-17 19:00:00,1629226800000.0,27.97153936097916,1.0000288351218731,25.456309146667287,1.0227651626308543,26.099396758533203,6.595056049712055
2021-08-17 20:00:00,1629230400000.0,27.996588553832915,1.0104041274142628,25.384999414716447,1.0069714286412512,25.988228634646962,7.714057196310589
2021-08-17 21:00:00,1629234000000.0,27.89267786740226,1.00614009809171,25.28070689975153,1.0146635998856617,25.891723888016294,7.732126446290948
2021-08-17 22:00:00,1629237600000.0,27.894237984757904,1.0031250000102532,25.237551335814068,1.0072041167113492,25.873348196165747,7.363483076781452
2021-08-17 23:00:00,1629241200000.0,27.911054291942026,1.0186528500060137,25.166093021845153,1.0031007752571166,25.84534965399503,7.192479822908696
2021-08-18 00:00:00,1629244800000.0,27.84459884377592,1.0167386922496982,25.020344899166588,1.013045977244432,25.78558234609813,7.293911623567908
2021-08-18 01:00:00,1629248400000.0,27.808780384474787,1.0018678161476193,24.96308389042127,0.9984236171206966,25.72413316586232,7.347320260821184
2021-08-18 02:00:00,1629252000000.0,27.868645572415783,1.0070094801217995,24.95075832683924,1.0095128939537743,25.719112488275186,7.593524296679948
2021-08-18 03:00:00,1629255600000.0,27.714617554080217,1.0162224134894215,24.80079970787838,0.9982847341508304,25.682190422769562,7.784991517109214
2021-08-18 04:00:00,1629259200000.0,27.781312708938042,1.0275723706620168,24.770525810171904,1.0082332761612123,25.59691378660766,7.973049511327577
2021-08-18 05:00:00,1629262800000.0,27.709350279865966,1.001723163907474,24.76653235437366,0.9997747113833257,25.548225502766353,8.122253852897966
2021-08-18 06:00:00,1629266400000.0,27.762807976687192,1.01707736415986,24.626007817070224,1.0236924838495105,25.53791015180188,8.702029118779116
2021-08-18 07:00:00,1629270000000.0,27.579758246476928,1.0029327198905873,24.651433867598893,1.0334288996106031,25.43128730329771,9.211184414061428
2021-08-18 08:00:00,1629273600000.0,27.597982943865105,1.0083549409606758,24.695974748665193,0.9972972973041524,25.403937504530706,9.493475150842713
2021-08-18 09:00:00,1629277200000.0,27.56801338050932,1.0100888508110684,25.029265447629115,1.0034009717760444,25.375828382558588,9.6321327827398
2021-08-18 10:00:00,1629280800000.0,27.56956734038911,1.0234005765629777,25.20394056506046,1.0216154070567318,25.383495712499634,9.75005743591315
2021-08-18 11:00:00,1629284400000.0,27.557134278660858,1.0230372494945894,25.338507396006598,1.0206975415860196,25.440596304951004,9.932894981599052
2021-08-18 12:00:00,1629288000000.0,27.621549023087244,1.0017862287748447,25.35627998884946,1.0141419950625306,25.414195016882886,10.110488570627124
2021-08-18 13:00:00,1629291600000.0,27.64922337681355,1.0116633152917212,25.480114320356048,0.9989684813300996,25.41292225419621,10.410143152827178
2021-08-18 14:00:00,1629295200000.0,27.67261485197078,1.0023563218613465,25.504787883080475,0.9993692660670078,25.43896825839592,10.614584631086421
2021-08-18 15:00:00,1629298800000.0,27.70644879939051,1.026282602546891,25.46465029152139,1.025871927151856,25.506230360577877,10.54404121768512
2021-08-18 16:00:00,1629302400000.0,27.650718761628355,1.0023576769080225,25.327322156057445,1.013732798397541,25.63313883438745,10.400114426477474
2021-08-18 17:00:00,1629306000000.0,27.665209759988613,1.0036227717318709,25.05711037467379,1.0145355506475433,25.572096729743503,10.198766816951226
2021-08-18 18:00:00,1629309600000.0,27.529031004807017,1.016728945344164,24.876992840832525,1.0285837160500295,25.538303135185068,10.250544835189613
2021-08-18 19:00:00,1629313200000.0,27.5798786546628,1.0026520611264582,24.681144589355327,1.0312446108594917,25.609799262847023,10.84123552626577
2021-08-18 20:00:00,1629316800000.0,27.669511255724675,1.0032471265001544,24.55636431802546,1.0142161079876468,25.578481399842182,10.991375385246167
2021-08-18 21:00:00,1629320400000.0,27.48544354773524,1.0238968483271094,24.479771354675293,0.9993714285918645,25.575550329150012,10.939519420500513
2021-08-18 22:00:00,1629324000000.0,27.501954185688632,1.0179310346343393,24.408509685111934,1.0157020058066593,25.40573193644958,11.057294489285706
2021-08-18 23:00:00,1629327600000.0,27.337802817069758,1.01041426928446,24.494906951829886,1.032960413591279,25.419735649161414,11.334939634396438
2021-08-19 00:00:00,1629331200000.0,27.303000402684372,1.002307470414045,24.400056855989778,1.014462334687097,25.28389805359975,11.584128934943587
2021-08-19 01:00:00,1629334800000.0,27.306841437725474,1.0106927279632438,24.297820035181246,1.0071408088095455,25.285861072480113,11.789102295048776
2021-08-19 02:00:00,1629338400000.0,27.194755247514614,1.0016337059636826,24.22881680396436,1.0148084621478177,25.251915681423494,12.009691291566982
2021-08-19 03:00:00,1629342000000.0,27.185652806208683,1.0026505330099356,24.19324965341377,1.014478598349706,25.169569677045974,12.22327590262753
2021-08-19 04:00:00,1629345600000.0,27.21104110155606,1.0076283338352299,24.081979791959853,0.9987986270227476,25.178204310022174,12.259582451606507
2021-08-19 05:00:00,1629349200000.0,27.186375406049525,1.0033342915041825,24.14431026878707,1.033027523385207,25.0858334934332,12.07840553395277
2021-08-19 06:00:00,1629352800000.0,27.20666861797962,1.0275941365116046,24.186082184314728,1.0053325689380663,25.103698773668448,12.178526450461204
2021-08-19 07:00:00,1629356400000.0,27.204553317508367,1.008097982690039,24.526429471561162,1.02920379465032,25.074360730422576,12.831273416912257
2021-08-19 08:00:00,1629360000000.0,27.21919767241765,1.007965615852856,25.200457353739143,1.0137793026894348,25.103514658791678,12.953314211164201
2021-08-19 09:00:00,1629363600000.0,27.173746166380408,1.0180691645322342,25.796722101832753,1.0009775732168869,25.181418714114873,12.502184403768453
2021-08-19 10:00:00,1629367200000.0,27.127450237023346,1.004599022592029,25.90756632771592,1.0002292920129283,25.194352587975494,12.512241831886659
2021-08-19 11:00:00,1629370800000.0,27.047227485670984,1.0066360241977759,25.801619132625255,1.0225787968468187,25.32696977431127,12.4203207889851
2021-08-19 12:00:00,1629374400000.0,27.154197657430494,1.0237205292239073,25.588503488706888,1.0160263762980222,25.394897864383555,12.58713083603417
2021-08-19 13:00:00,1629378000000.0,27.052893845297206,1.0011461318307757,25.47819977406093,1.0,25.458371273040772,12.809371497426714
2021-08-19 14:00:00,1629381600000.0,27.12738532259197,1.0245027389150767,25.575194174889074,1.0016096580359195,25.504828987878163,12.873756811926508
2021-08-19 15:00:00,1629385200000.0,27.228059714587257,1.0055747125683159,25.478354204685317,1.0245412848078124,25.647507736040293,12.953338942851676
2021-08-19 16:00:00,1629388800000.0,27.168481377305138,1.008252148979202,25.36971893484983,1.0089739926008199,25.600514450334746,12.998543164826094
2021-08-19 17:00:00,1629392400000.0,27.290922195904535,1.0161095102642386,25.245416044743454,1.0327680373275783,25.50908586908991,12.72268537545492
2021-08-19 18:00:00,1629396000000.0,27.214408520230315,1.0026926382484016,25.009402696729968,1.0163475281725818,25.566828904833113,13.560914341790335
2021-08-19 19:00:00,1629399600000.0,27.152680114366824,1.004236311149872,24.868078637513733,1.0027594136871392,25.577321398768763,14.993935188914072
2021-08-19 20:00:00,1629403200000.0,27.204854921889147,1.0244182709757537,24.756860583875486,1.0183042111496843,25.514928491477637,14.688968497770905
2021-08-19 21:00:00,1629406800000.0,27.168977359310325,1.0063019193275649,24.67962536834996,1.020805944895431,25.44604166918872,14.006316130213753
2021-08-19 22:00:00,1629410400000.0,27.19832706674912,1.0177963657993936,24.549798855288277,1.0022413793737175,25.46223038083762,14.034895175419583
2021-08-19 23:00:00,1629414000000.0,27.158085644517627,1.0034000000315053,24.42256374087429,1.0211111114490405,25.383869670129766,14.230407491984549
2021-08-20 00:00:00,1629417600000.0,27.07841628375071,1.0033812341252728,24.37804059025678,1.0050014048463074,25.45026571178383,14.50770094476435
2021-08-20 01:00:00,1629421200000.0,27.184754914113846,1.016954023271114,24.282000135234245,1.0252794500971019,25.30859525620425,14.78372491601545
2021-08-20 02:00:00,1629424800000.0,27.09775119856683,1.0264053044942174,24.191954777706627,1.0077586207624483,25.271074621892648,14.936256337467455
2021-08-20 03:00:00,1629428400000.0,27.082384670260307,1.0036206897305346,24.141055580126036,1.001892201675085,25.210433027880278,15.079679164684205
2021-08-20 04:00:00,1629432000000.0,27.016173996828265,1.0086607400328989,24.102887656362892,1.0248141799307402,25.228174271755318,15.015037269166976
2021-08-20 05:00:00,1629435600000.0,27.15324090891288,1.027484874930893,24.108046299287643,1.0134482761095653,25.182811719516668,14.509945210727956
2021-08-20 06:00:00,1629439200000.0,27.110833611861448,1.025967326255472,24.19489930091023,1.0141183196961727,25.020434504680956,14.557416531589244
2021-08-20 07:00:00,1629442800000.0,26.965081369866557,1.0213771250750414,25.98248000061351,1.0015521700627572,25.17310392555149,14.669425280614831
2021-08-20 08:00:00,1629446400000.0,26.94748560624094,1.0017810974251913,27.582693678396822,1.0210888252815067,25.218883187586393,13.87077356792111
2021-08-20 09:00:00,1629450000000.0,26.962556602211173,1.0018348623784856,27.826514039925165,1.03342857164996,25.274649699915134,13.103000762701784
2021-08-20 10:00:00,1629453600000.0,26.996799676759885,1.0026232343941335,27.350804552461582,1.0109833239215142,25.307269484969392,12.820114870729117
2021-08-20 11:00:00,1629457200000.0,27.091083349130297,1.0288704131183068,27.022863700615403,1.004972849348914,25.507859235765185,12.383395278818371
2021-08-20 12:00:00,1629460800000.0,27.06451398263097,1.0185067743990805,26.68348212380479,1.0293306525635055,25.633630826576717,11.995314793670339
2021-08-20 13:00:00,1629464400000.0,27.12984478943234,1.006210465877477,26.410973987094312,1.0128939830599337,25.6775649652803,11.782836763906616
2021-08-20 14:00:00,1629468000000.0,27.262155442505048,1.0018390805000204,26.299369247518662,0.9993694467338186,25.836772163309675,11.883347624999878
2021-08-20 15:00:00,1629471600000.0,27.28387070792101,1.007360552121093,26.15590308761187,1.020945558869907,25.98340488400115,11.755660649526765
2021-08-20 16:00:00,1629475200000.0,27.42595814144039,1.006697326902858,25.966217801880017,1.0108309456731666,26.112489622734024,11.923832470214458
2021-08-20 17:00:00,1629478800000.0,27.491308785478275,1.0192241381939458,25.879246268153565,1.0211114297321895,26.111296349709185,11.927121426534216
2021-08-20 18:00:00,1629482400000.0,27.419101634735554,1.0292612824007574,25.68700728758017,1.0057879657321809,26.044397043067974,12.047950587733217
2021-08-20 19:00:00,1629486000000.0,27.463657942772183,1.0041845801371017,25.43259964752197,0.9989142857193947,26.0569586631826,12.5930001140322
2021-08-20 20:00:00,1629489600000.0,27.360951730600352,1.0019596542035811,25.259210702194565,1.013563218622886,25.944339084847904,12.949798949011441
2021-08-20 21:00:00,1629493200000.0,27.41396971455959,1.0146418340141248,25.04094299370902,0.9993714285961219,25.87479970594815,12.658171675545828
2021-08-20 22:00:00,1629496800000.0,27.31966149587678,1.001322219043876,24.93473747747612,1.0240756666064093,25.8276578193153,12.557466581442458
2021-08-20 23:00:00,1629500400000.0,27.32245971038916,1.0021307227670238,24.763536900649836,1.0020671835275619,25.84942498215352,12.482768523289101
2021-08-21 00:00:00,1629504000000.0,27.32922265653308,1.0067435159334532,24.657890760065943,1.0109801668310754,25.7887061986173,12.436091751613835
2021-08-21 01:00:00,1629507600000.0,27.383515650321037,1.0071674312524703,24.55464691007209,1.0185301689410298,25.760512883058862,12.36873552019045
2021-08-21 02:00:00,1629511200000.0,27.528685019008705,1.0039492649401804,24.380867214252195,1.0017810974551562,25.689211437619967,12.299166791740506
2021-08-21 03:00:00,1629514800000.0,27.35048905319866,1.0099425286953818,24.35280735977741,1.00512893980417,25.56421207056346,12.265186323887297
2021-08-21 04:00:00,1629518400000.0,27.272317814087895,1.0134328360338916,24.217382900766765,0.998281786945848,25.36675219683303,12.227405504808939
2021-08-21 05:00:00,1629522000000.0,27.301020608391873,1.003789836391614,24.646552049039258,1.0012875535201617,25.295790902461835,12.173947912009234
2021-08-21 06:00:00,1629525600000.0,27.248574769393855,1.0021902017703317,26.780567082958775,0.9989370870559389,25.254281237481653,12.273879348272565
2021-08-21 07:00:00,1629529200000.0,27.230811160421876,1.003668672941448,28.478828585420334,0.9993714285280023,25.272412960975085,12.406489392155713
2021-08-21 08:00:00,1629532800000.0,27.220144104270496,1.0376080697010506,28.929597591120622,0.9983333333513175,25.219483510379135,12.690718430212174
2021-08-21 09:00:00,1629536400000.0,27.237155188637217,1.0020114943256666,28.86334897296472,1.0177313093639178,25.309673519795997,13.070535887753461
2021-08-21 10:00:00,1629540000000.0,27.206737446436367,1.0161123855868268,28.45399992588588,1.0020571428750242,25.313917599939966,13.855587393462777
2021-08-21 11:00:00,1629543600000.0,27.152897176119875,1.0174113579478858,28.061759729437476,1.006555491566761,25.401206755850566,14.30615115213682
2021-08-21 12:00:00,1629547200000.0,27.344986232884633,1.0219484243915553,27.6867468277409,1.0091973721972536,25.56221100862487,14.43887446778599
2021-08-21 13:00:00,1629550800000.0,27.535187724232674,1.004655172461751,27.408686578478836,1.0225917434046439,25.73155683679861,14.527113739553787
2021-08-21 14:00:00,1629554400000.0,27.543877303720517,1.0110054738589922,27.319280947145373,1.001350574636425,25.81149355801272,14.844166585220687
2021-08-21 15:00:00,1629558000000.0,27.494842034014727,1.0012034384261572,27.145257695572717,1.0029714283602578,25.983790521419955,15.01646656278476
2021-08-21 16:00:00,1629561600000.0,27.701844861370645,1.0038916113767338,26.97624236007971,1.0101694917026451,26.149987312740294,15.107672560900108
2021-08-21 17:00:00,1629565200000.0,27.621438760749246,1.010604757929846,26.79349858824203,1.0003429550286802,26.177187563999507,14.90626056375607
2021-08-21 18:00:00,1629568800000.0,27.66141954963386,1.012220950286492,26.47534242525833,1.0103595892231079,26.185118565718604,15.032591281144041
2021-08-21 19:00:00,1629572400000.0,27.630983875642738,1.000197349907581,26.275540988097408,1.0245712683011148,26.174599762204327,15.547960621529324
2021-08-21 20:00:00,1629576000000.0,27.558938800979238,1.0066320645647615,26.285544726861623,1.0240011499912516,26.169072045338293,15.880885318833954
2021-08-21 21:00:00,1629579600000.0,27.62832995497098,1.002950444010806,26.017342947500094,0.9984000000102179,26.22157210792814,16.322199742998396
2021-08-21 22:00:00,1629583200000.0,27.738764544156776,1.0208620692763863,25.931761290991204,1.0065329514123649,26.184986403405155,16.705931251711696
2021-08-21 23:00:00,1629586800000.0,27.778779573650617,1.003570400257808,25.64997161236879,0.9966130884178197,26.1203277005295,17.19621010905465
2021-08-22 00:00:00,1629590400000.0,27.681406789982,1.0203228599487721,25.566590252432185,1.0339844876692166,26.072463732678578,17.175309688615265
2021-08-22 01:00:00,1629594000000.0,27.660641648372582,1.016384990295207,25.473443421821877,1.0525699607487544,26.06822888412646,17.088886043821063
2021-08-22 02:00:00,1629597600000.0,27.69784364441882,1.0166762509801526,25.436190835172205,1.0035273875108517,26.06670159069018,16.960148905942198
2021-08-22 03:00:00,1629601200000.0,27.687701148308555,1.0108908047407181,25.305900340980394,1.0054139214159936,26.01371354540326,17.042476550731184
2021-08-22 04:00:00,1629604800000.0,27.710146155525464,1.0190025797825415,25.22000641780569,0.9984281223376978,25.946540651882877,17.024149850560242
2021-08-22 05:00:00,1629608400000.0,27.67494968020755,1.0043665612952801,25.267886091009803,1.0352823164161347,25.85769508812789,17.11825788079172
2021-08-22 06:00:00,1629612000000.0,27.656656993225603,1.0035734870505952,25.245677110211187,1.0010054581074905,25.77566023289558,17.241494097654847
2021-08-22 07:00:00,1629615600000.0,27.697248443862915,1.0196617945119009,25.37572852266114,1.0214408236598886,25.806799261804137,17.5114571786608
2021-08-22 08:00:00,1629619200000.0,27.674762288935415,1.014174589636655,25.611491306593145,1.022005171281481,25.76510416071077,17.866484470153615
2021-08-22 09:00:00,1629622800000.0,27.58527615639925,1.0156975077741026,25.5306199429819,1.0055984005957663,25.765495300295097,18.150243044648636
2021-08-22 10:00:00,1629626400000.0,27.527552210499508,1.003278688612017,25.41912232407736,1.0042431192267516,25.785798713573413,18.292863011052663
2021-08-22 11:00:00,1629630000000.0,27.615566418919382,1.0010377630595688,25.34089006774727,1.0144540232188743,25.676171869298667,18.536562382335394
2021-08-22 12:00:00,1629633600000.0,27.626274926990355,1.014212034348089,25.328313636234828,1.0215428574851582,25.68924081022525,18.192969247796732
2021-08-22 13:00:00,1629637200000.0,27.666862278713996,1.0106382980351478,25.564908490815295,1.0098337157919934,25.717962610394345,18.04246004404278
2021-08-22 14:00:00,1629640800000.0,27.72138570646131,1.0023282552911619,25.50799656652318,1.002178274426053,25.644266684449903,18.182195841992666
2021-08-22 15:00:00,1629644400000.0,27.728163315115797,1.0112935754166525,25.55031626800011,1.006954023066437,25.64530083255269,17.560045872792735
2021-08-22 16:00:00,1629648000000.0,27.729243188036964,1.0188646790562967,25.43262772127871,0.9981984558286482,25.652759921254177,16.39027749520559
2021-08-22 17:00:00,1629651600000.0,27.70099050649281,1.0084770112330543,25.32009099608815,1.0061908857584614,25.64260373367082,15.661209852870451
2021-08-22 18:00:00,1629655200000.0,27.61880304998898,1.0086455332958046,25.20698118552296,0.9986210859256789,25.60376484300941,15.102327530137424
2021-08-22 19:00:00,1629658800000.0,27.47603148139945,1.0053899081620397,24.95791408756801,0.9994571428682123,25.662044055393764,14.867828458786011
2021-08-22 20:00:00,1629662400000.0,27.516593990735313,1.0107749929751968,24.737431715494324,1.0060327493341379,25.59224160347862,14.616925252443073
2021-08-22 21:00:00,1629666000000.0,27.401293769243225,1.0050876688026908,24.587310610169908,0.999828129370791,25.54561614498368,14.214555892835032
2021-08-22 22:00:00,1629669600000.0,27.449112429386567,1.0126647563282944,24.555971577780586,1.0030857140762466,25.505544327776512,14.092026422145743
2021-08-22 23:00:00,1629673200000.0,27.30083816481091,1.0042159976322045,24.443042047358286,1.0106885622820845,25.404609211993403,13.83831744467412
2021-08-23 00:00:00,1629676800000.0,27.3447897355857,1.009933965133587,24.4263157033893,1.0013737835471945,25.248740072310415,13.555867258179987
2021-08-23 01:00:00,1629680400000.0,27.366036712662066,1.007623961116872,24.350242482321605,1.0155428573744638,25.253773322681866,13.378908194688838
2021-08-23 02:00:00,1629684000000.0,27.268282705409764,1.000806683969065,24.230403055541817,1.0305459771305323,25.159960305701045,13.243087099694288
2021-08-23 03:00:00,1629687600000.0,27.230295380913244,1.0042705645949699,24.18317204448155,1.030971428900957,25.104743112836566,13.186857181549072
2021-08-23 04:00:00,1629691200000.0,27.20258424572136,1.0058652727835478,24.087489460365965,1.014364321064231,25.045102261211934,13.270066648177636
2021-08-23 05:00:00,1629694800000.0,27.221914787880966,1.0169550175493907,24.229721238744023,1.0080482898069614,24.930830804925215,13.364739692584859
2021-08-23 06:00:00,1629698400000.0,27.30088891081277,1.0095128941032128,24.376121038302323,1.0114253072253774,24.942016309549114,13.38560398944069
2021-08-23 07:00:00,1629702000000.0,27.57120973202822,1.0032805754812502,24.50638513532216,0.9995694603604167,24.86684806858768,13.864867998182294
2021-08-23 08:00:00,1629705600000.0,28.080208769335286,1.0196033343779831,24.78512053369382,1.0225917429090776,24.866312592401417,14.261009111863757
2021-08-23 09:00:00,1629709200000.0,28.146881203707622,1.0061511927575824,24.618382636886086,1.001835388481053,24.882018472459823,15.041582954282024
2021-08-23 10:00:00,1629712800000.0,28.128703142655343,1.0177521616349303,23.386867716668664,0.9986206896860024,24.920114814275983,15.215517267413523
2021-08-23 11:00:00,1629716400000.0,28.116194354208755,1.0101287554944192,23.630488072536075,1.0044247784973246,25.143579210320564,15.669606337536415
2021-08-23 12:00:00,1629720000000.0,28.198626199175305,1.010246136275338,23.476505959064593,1.013873822657408,25.125108604256916,16.85520988228047
2021-08-23 13:00:00,1629723600000.0,28.128965441105784,1.0235929508874062,23.043921648729757,1.001416831824387,25.328526628186278,16.724107800124386
2021-08-23 14:00:00,1629727200000.0,28.361580331309312,1.0176587303944118,21.488916986501586,1.0688436528973773,25.35368959385357,16.827226309847756
2021-08-23 15:00:00,1629730800000.0,28.35846571306896,1.0028743892436947,23.587815386986513,0.9998279816060917,25.30279412711032,17.409515875600135
2021-08-23 16:00:00,1629734400000.0,28.509637523748385,1.010947853567208,24.281048843230323,1.0292241383943408,25.332441842967068,17.569023146026435
2021-08-23 17:00:00,1629738000000.0,28.384339395473745,1.0028735632312367,24.30395479877414,1.0072227000429965,25.394497333624983,17.5355300324011
2021-08-23 18:00:00,1629741600000.0,28.25272246445489,1.0012034384261572,24.062327488490514,1.0169714286625384,25.265989672084917,17.399428439024483
2021-08-23 19:00:00,1629745200000.0,28.02220261825685,1.004209919290181,23.726804518363846,1.0018396091490307,25.29353003093331,17.441863236309402
2021-08-23 20:00:00,1629748800000.0,27.99243767609757,1.0054739268952233,23.64731448601032,1.006896551784085,25.229224368895608,17.8688214858373
2021-08-23 21:00:00,1629752400000.0,27.689448321941875,1.0013225992403543,23.521049643916662,1.0362489251342448,25.228463827384246,17.459047789008903
2021-08-23 22:00:00,1629756000000.0,27.57727534887016,1.0166474656686872,23.492270075041674,1.0089080459855755,25.144828067428765,16.98143666612691
2021-08-23 23:00:00,1629759600000.0,27.583074886430904,1.0040734366172357,23.42709543831188,1.0062660945757946,25.089871568911747,16.713190543702744
2021-08-24 00:00:00,1629763200000.0,27.465753356672977,1.0204381669296179,23.335853289296534,1.0009775732126025,25.036849682274205,16.583587415124466
2021-08-24 01:00:00,1629766800000.0,27.4468327666395,1.0091430209673178,23.36331760682321,1.002257787745215,24.955600434352615,16.37290636135122
2021-08-24 02:00:00,1629770400000.0,27.328292235418687,1.0043791414328935,23.212471839203232,1.009597701078345,24.819631419191417,15.97634381252858
2021-08-24 03:00:00,1629774000000.0,27.281379545796877,1.0050862068717163,23.35924296161786,0.9980510175014574,24.79694752079534,15.5558039809271
2021-08-24 04:00:00,1629777600000.0,27.167986218914244,1.0097532990809084,23.144724130562317,1.0102945383502853,24.69302332656943,15.180268881352998
2021-08-24 05:00:00,1629781200000.0,27.10391897224212,1.0052449567388388,23.779396637554825,1.0151724139678067,24.591425525563366,14.64199945235588
2021-08-24 06:00:00,1629784800000.0,26.998737922092097,1.0111238532785087,23.378345425705557,0.9989708404862383,24.693455981281296,13.957404250073528
2021-08-24 07:00:00,1629788400000.0,27.15114881527568,1.008884416114434,22.42603219485064,1.0155676606948565,24.486865535656225,14.049899657818045
2021-08-24 08:00:00,1629792000000.0,27.032798449312132,1.0111619920928818,22.537689063416398,1.0237375180578436,24.53372932636459,14.235795695103038
2021-08-24 09:00:00,1629795600000.0,27.012933996293214,1.0043978154933395,22.106535021846703,1.0201203785078612,24.537958913986834,13.277150204422277
2021-08-24 10:00:00,1629799200000.0,27.081948399989212,1.0294337457677145,21.827171155941045,1.006334193253729,24.707192258097038,12.125415476960233
2021-08-24 11:00:00,1629802800000.0,27.15851522401112,1.029099771103591,22.387212154217263,1.0101457561389418,24.924634237510325,12.039119179125407
2021-08-24 12:00:00,1629806400000.0,27.35466612274608,1.0040898618421383,22.02295329261874,1.0053432922969772,24.756563926900608,12.390031696906963
2021-08-24 13:00:00,1629810000000.0,27.6865443696001,1.0207844261168546,22.01686632850943,1.022117580291411,24.786704644871165,12.97623408014186
2021-08-24 14:00:00,1629813600000.0,27.79705236278129,1.0271036065240622,21.938281162990492,1.0400799319356502,24.85493657578072,13.167123364531287
2021-08-24 15:00:00,1629817200000.0,27.983318989556857,1.0039046799532476,21.629407975492168,1.0087006296610654,24.90887204810559,13.168918141243317
2021-08-24 16:00:00,1629820800000.0,28.158218269923637,1.0042816092399345,22.72206294270163,1.015702005862165,24.942895197041974,13.347407554357655
2021-08-24 17:00:00,1629824400000.0,28.189452420472758,1.012553740454014,23.039914297921317,1.0012285713425704,25.008202327936505,13.354472685555248
2021-08-24 18:00:00,1629828000000.0,27.98137748492283,1.0016719516346317,22.976889910455338,1.015981603933155,25.032259921358534,13.121334052072166
2021-08-24 19:00:00,1629831600000.0,27.805663296012977,1.0063933487255297,22.990680327614488,1.0113779301086858,24.94105179014037,12.825614664198808
2021-08-24 20:00:00,1629835200000.0,27.573984051808537,1.018265629705075,22.99546095462614,1.0058891124653084,24.909884594774795,12.795431018971849
2021-08-24 21:00:00,1629838800000.0,27.461797675647592,1.0130160550817573,22.927693327483738,1.0107459276062858,24.811656558990478,12.510285678591048
2021-08-24 22:00:00,1629842400000.0,27.376892639167018,1.0061007193481322,22.88365318018282,1.012962432134312,24.758277683449613,12.528465059874218
2021-08-24 23:00:00,1629846000000.0,27.221393650662066,1.006392168120867,22.80872745387964,1.0031869076438378,24.669222566953447,12.332012538762056
2021-08-25 00:00:00,1629849600000.0,27.06045531655788,1.0223247768050627,22.820002854538952,0.9996548749041482,24.59450713951148,12.176445137607596
2021-08-25 01:00:00,1629853200000.0,26.995288152593336,1.0258546395741535,22.70458237657842,0.9992554409755874,24.596562921266713,11.933887191298219
2021-08-25 02:00:00,1629856800000.0,26.87620477744062,1.0024082569507968,22.634400404793876,1.0009714284752096,24.50863108726255,11.663989796574437
2021-08-25 03:00:00,1629860400000.0,26.792997648152564,1.0261959657287736,22.542561906839772,1.017001723430918,24.4384371026841,11.540764242641819
2021-08-25 04:00:00,1629864000000.0,26.693150168095254,1.0178561194232079,22.430228340148926,1.0058285715665136,24.35349937384469,11.469485634531294
2021-08-25 05:00:00,1629867600000.0,26.653507731816354,1.0059804486613153,23.19426771630254,0.9990541702801056,24.227007187834573,11.379845114339382
2021-08-25 06:00:00,1629871200000.0,26.617983600577794,1.0030764807197745,21.850673862060162,1.014425007305379,24.175165567488325,11.427215292148135
2021-08-25 07:00:00,1629874800000.0,26.647853297915326,1.0096198158115492,22.947386601955845,1.0190695005157158,24.045204159858788,11.430212391990823
2021-08-25 08:00:00,1629878400000.0,26.514474020495214,1.015967834832886,24.078004945668752,1.0080709788302182,23.998540352055464,11.739524860414834
2021-08-25 09:00:00,1629882000000.0,26.616224814293385,1.0045595272616403,24.167888130269333,0.9992143658860497,24.05517533236767,11.264544156222993
2021-08-25 10:00:00,1629885600000.0,26.646865933002445,1.0098332376564763,23.87163079987972,1.011811926743067,24.31843650395717,11.880217913093917
2021-08-25 11:00:00,1629889200000.0,26.84610485757844,1.0189110919716666,23.552698530056777,1.024184704407469,24.469688021833846,10.977193953327438
2021-08-25 12:00:00,1629892800000.0,27.18104215651179,1.0045322486779011,23.31781020331583,1.0490587901851594,24.95861564523546,9.83585287127811
2021-08-25 13:00:00,1629896400000.0,27.059643085939545,1.0,23.28576457882267,0.9992882562701813,25.035943665962627,9.040569595594848
2021-08-25 14:00:00,1629900000000.0,27.718309926315094,1.0154929572427775,23.16936684326387,1.0,24.76325012854047,9.05547709515575
2021-08-25 15:00:00,1629903600000.0,27.94107377344058,1.004111558348883,23.180866664945565,0.9983362019215927,24.88036931384967,9.261399445371023
2021-08-25 16:00:00,1629907200000.0,28.074033159608057,1.0189105280788813,23.972003243381412,0.9987056837676614,24.907737421197844,9.680866719701012
2021-08-25 17:00:00,1629910800000.0,28.17521461071665,1.0051516887071341,23.971319420026223,1.0023388477712785,24.994493378926276,9.753922964944989
2021-08-25 18:00:00,1629914400000.0,27.992581337878867,1.0038527889823077,23.830667678316946,1.0337059331652632,24.997892554150027,9.731957525330923
2021-08-25 19:00:00,1629918000000.0,27.81783658764629,1.0094854841932341,23.687433218744157,1.033820579355376,24.916972056988183,8.914678863702564
2021-08-25 20:00:00,1629921600000.0,27.642038232603785,1.0171026159554386,23.610977690005992,1.0232158214041756,24.948622661446212,9.489678821842604
2021-08-25 21:00:00,1629925200000.0,27.4225708978693,1.0270270273140822,23.471501979259177,1.0035550456724787,24.72024107198103,9.973509104153433
2021-08-25 22:00:00,1629928800000.0,27.2253022272399,1.0271995402379857,23.483427216153625,1.016857798228365,24.731795462993308,10.139765010035912
2021-08-25 23:00:00,1629932400000.0,27.100000381469727,1.0,23.399999618530273,1.0,24.700000762939453,10.199999809265137
